Timestamp,Throughput,LossRate,Latency,SendingRate,time,CCA
2024-05-30 07:31:40,142,0.2194444444444444,,853.0870320305849,0.0,CUBIC
2024-05-30 07:31:41,4879797,0.0088718090643479,,568995.3315668373,1.0,CUBIC
2024-05-30 07:31:42,6620256,0.0009351735807273,,450753.08186854486,2.0,CUBIC
2024-05-30 07:31:43,9419240,0.0004593496012789,,480722.0099803786,3.0,CUBIC
2024-05-30 07:31:44,9852192,0.0002833923792482,,459858.53905321,4.0,CUBIC
2024-05-30 07:31:45,9448200,0.0002050806729769,0.0261624200003487,444324.5686469904,5.0,CUBIC
2024-05-30 07:31:46,10519720,0.0001598368048829,0.0002876217490458,442793.616262288,6.0,CUBIC
2024-05-30 07:31:47,11032312,0.0001290552706414,0.0002173749341078,442420.16849054815,7.0,CUBIC
2024-05-30 07:31:48,10490760,0.0001082022752832,0.000154298434081,444121.3624480173,8.0,CUBIC
2024-05-30 07:31:49,10112832,9.37255584698e-05,0.0001451207208362,443784.49599037005,9.0,CUBIC
2024-05-30 07:31:50,10076632,8.28753556259e-05,0.0001523918681936,427008.32715674426,10.0,CUBIC
2024-05-30 07:31:51,10218536,7.42414341138e-05,0.000136305016509,433225.201040982,11.0,CUBIC
2024-05-30 07:31:52,10903440,6.69849569605e-05,0.0001300903582497,434838.77241159056,12.0,CUBIC
2024-05-30 07:31:53,10177992,6.10200975483e-05,0.000136805795477,431759.3684340245,13.0,CUBIC
2024-05-30 07:31:54,10500896,5.61260107845e-05,0.0001443238150928,435333.5172804888,14.0,CUBIC
2024-05-30 07:31:55,10752848,5.18511926332e-05,0.000142708895394,438961.4777204688,15.0,CUBIC
2024-05-30 07:31:56,10833936,4.81275715238e-05,0.0001413671874783,432069.7864825804,16.0,CUBIC
2024-05-30 07:31:57,10654384,4.49161880265e-05,0.0001323965179872,433675.42371367407,17.0,CUBIC
2024-05-30 07:31:58,10524064,4.21447116094e-05,0.0001406346176708,436826.99626675417,18.0,CUBIC
2024-05-30 07:31:59,8511344,3.99266966655e-05,0.0001363762091599,473364.12118578574,19.0,CUBIC
2024-05-30 07:32:00,10828144,3.79080421211e-05,0.0001343660594282,430273.60538325424,20.0,CUBIC
2024-05-30 07:32:01,10288040,3.59198637962e-05,0.0001358605780385,455927.0845165192,21.0,CUBIC
2024-05-30 07:32:02,9009456,3.42761881823e-05,0.0001334060466805,453153.2245412984,22.0,CUBIC
2024-05-30 07:32:03,10348856,3.27748353496e-05,0.0001376099078624,434225.01964889705,23.0,CUBIC
2024-05-30 07:32:04,10166408,3.13192467714e-05,0.0001706846575504,438236.69988306565,24.0,CUBIC
2024-05-30 07:32:05,10539992,2.9976108876e-05,0.000132906106585,436937.3203012578,25.0,CUBIC
2024-05-30 07:32:06,10836832,2.87051658109e-05,0.0001387887704676,435041.4894979692,26.0,CUBIC
2024-05-30 07:32:07,10188128,2.75554594898e-05,0.0001591423328012,427912.732052844,27.0,CUBIC
2024-05-30 07:32:08,10534200,2.65096460226e-05,0.0001399301437875,443834.4012028634,28.0,CUBIC
2024-05-30 07:32:09,10761536,2.55143713426e-05,0.0001420098237393,437980.8599631711,29.0,CUBIC
2024-05-30 07:32:10,9713184,2.46248392444e-05,0.0001374616367593,438923.15417351696,30.0,CUBIC
2024-05-30 07:32:11,11058376,2.37847360341e-05,0.0001316640285811,442931.2274179552,31.0,CUBIC
2024-05-30 07:32:12,10751400,2.29614925121e-05,0.0001409110672976,432700.8490387701,32.0,CUBIC
2024-05-30 07:32:13,10246048,2.2220944662e-05,0.0001376972822766,435969.51672295504,33.0,CUBIC
2024-05-30 07:32:14,9969480,2.15517753745e-05,0.0001340388929739,440537.5336124952,34.0,CUBIC
2024-05-30 07:32:15,10251840,2.09217708306e-05,0.0001474821349254,443483.8738083765,35.0,CUBIC
2024-05-30 07:32:16,10121520,2.03231435568e-05,0.0001306702464694,443831.9649882558,36.0,CUBIC
2024-05-30 07:32:17,9543768,1.97768249945e-05,0.0001348252807344,439055.9745205397,37.0,CUBIC
2024-05-30 07:32:18,8799496,1.92930551132e-05,0.0001389764388646,475444.22420562233,38.0,CUBIC
2024-05-30 07:32:19,9742144,1.88278333983e-05,0.000144495517274,446623.23750603845,39.0,CUBIC
2024-05-30 07:32:20,9966584,1.83572132122e-05,0.0001411655101946,435027.7763963956,40.0,CUBIC
2024-05-30 07:32:21,9815992,1.79078432823e-05,0.0001414243667073,434458.03026662365,41.0,CUBIC
2024-05-30 07:32:22,10637008,1.7465920321e-05,0.0001519749126875,447300.9424077143,42.0,CUBIC
2024-05-30 07:32:23,9175976,1.70577978423e-05,0.0001633233093899,457786.6671333354,43.0,CUBIC
2024-05-30 07:32:24,9695808,1.66866898223e-05,0.0001496630004392,442052.5223161672,44.0,CUBIC
2024-05-30 07:32:25,10571848,1.63057392332e-05,0.0001437981167518,454590.4981846223,45.0,CUBIC
2024-05-30 07:32:26,9242584,1.59494893975e-05,0.0001480604450608,454658.36423973285,46.0,CUBIC
2024-05-30 07:32:27,10438632,1.56110250378e-05,0.0001362367731625,451379.62163893646,47.0,CUBIC
2024-05-30 07:32:28,9174528,1.52874222526e-05,0.0001540141433023,462799.7876298738,48.0,CUBIC
2024-05-30 07:32:29,9721872,1.49882913255e-05,0.0001490827016856,471413.407190919,49.0,CUBIC
2024-05-30 07:32:30,8650352,1.47083376689e-05,0.0001377161892929,476595.9945591122,50.0,CUBIC
2024-05-30 07:32:31,9385704,1.44436503944e-05,0.0001570106807902,448618.76248965686,51.0,CUBIC
2024-05-30 07:32:32,9197696,1.41806175933e-05,0.0001367489770722,456343.5243556735,52.0,CUBIC
2024-05-30 07:32:33,9271544,1.39285282927e-05,0.0001555340018368,449987.3098658383,53.0,CUBIC
2024-05-30 07:32:34,8570712,1.369332177e-05,0.0001499795555172,453578.06060717057,54.0,CUBIC
2024-05-30 07:32:35,9304848,1.34656115605e-05,0.0001673756068468,435181.0516975305,55.0,CUBIC
2024-05-30 07:32:36,8921128,1.32410304568e-05,0.0001532745008768,460544.80351952254,56.0,CUBIC
2024-05-30 07:32:37,8646008,1.30315657539e-05,0.0001554799648177,463163.1060579608,57.0,CUBIC
2024-05-30 07:32:38,8767640,1.28303937948e-05,0.0001567531484582,458172.0692703991,58.0,CUBIC
2024-05-30 07:32:39,8076944,1.26415717787e-05,0.0001683792468874,477030.9023658084,59.0,CUBIC
2024-05-30 07:32:40,8123280,1.24651768269e-05,0.0001546188008667,493767.40731502656,60.0,CUBIC
2024-05-30 07:32:41,8650352,1.22876936508e-05,0.0001616444023555,451473.28930796566,61.0,CUBIC
2024-05-30 07:32:42,7982824,1.21165606644e-05,0.0001679003559133,481186.1424607699,62.0,CUBIC
2024-05-30 07:32:43,7248688,1.19639550803e-05,0.0001639737379881,490311.46376620285,63.0,CUBIC
2024-05-30 07:32:44,7208144,1.18226615923e-05,0.0001770576125607,472943.7174833284,64.0,CUBIC
2024-05-30 07:32:45,7193664,1.16852000717e-05,0.0001791347172487,469996.117869104,65.0,CUBIC
2024-05-30 07:32:46,6442152,1.1557922894e-05,0.000164207055151,470480.4161798786,66.0,CUBIC
2024-05-30 07:32:47,6989496,1.14352743121e-05,0.0001832063855037,451753.7859308068,67.0,CUBIC
2024-05-30 07:32:48,6621704,1.13135852781e-05,0.0001999229687551,484312.6962407743,68.0,CUBIC
2024-05-30 07:32:49,5593624,1.12065357616e-05,0.0002002958167204,482520.3982016415,69.0,CUBIC
2024-05-30 07:32:50,5813720,1.11084200957e-05,0.0002003357298537,504661.1324483779,70.0,CUBIC
2024-05-30 07:32:51,6207576,1.10068850344e-05,0.0002269021933369,474947.9887344385,71.0,CUBIC
2024-05-30 07:32:52,8008888,1.08892145221e-05,0.0002053479864075,464277.85839063086,72.0,CUBIC
2024-05-30 07:32:53,6072912,1.07749950026e-05,0.0002157363929312,487907.706354544,73.0,CUBIC
2024-05-30 07:32:54,5771728,1.0680801352e-05,0.000247237929614,495985.6319187122,74.0,CUBIC
2024-05-30 07:32:55,6184408,1.05873932762e-05,0.0002469300096059,490380.2819406373,75.0,CUBIC
2024-05-30 07:32:56,5453168,1.04980039799e-05,0.0002320407019524,479010.4506845952,76.0,CUBIC
2024-05-30 07:32:57,5473440,1.04154511609e-05,0.0001802140148734,503120.4824455404,77.0,CUBIC
2024-05-30 07:32:58,5495160,1.03338768786e-05,0.0002400711791156,501130.7868240026,78.0,CUBIC
2024-05-30 07:32:59,5522672,1.02532131137e-05,0.0002464243582078,482833.534626112,79.0,CUBIC
2024-05-30 07:33:00,5845344,1.01713002686e-05,0.0002318411229926,521404.9358898338,80.0,CUBIC
2024-05-30 07:33:01,5531592,1.00906026729e-05,0.0002617471208559,512859.60707359697,81.0,CUBIC
2024-05-30 07:33:02,5728288,1.00119966565e-05,0.0002589555809996,492848.1636752678,82.0,CUBIC
2024-05-30 07:33:03,8446184,9.9148341156e-06,0.000258844865503,439526.85411582113,83.0,CUBIC
2024-05-30 07:33:04,5611000,9.8202011543e-06,0.00026290149297,482211.3728103875,84.0,CUBIC
2024-05-30 07:33:05,5854264,9.7443977677e-06,0.0002461359733704,493941.50229882175,85.0,CUBIC
2024-05-30 07:33:06,5595072,9.6698502094e-06,0.0002602840938543,487503.5717582466,86.0,CUBIC
2024-05-30 07:33:07,5576248,9.5982070522e-06,0.0002494402203695,493113.71700213966,87.0,CUBIC
2024-05-30 07:33:08,5130264,9.5305262061e-06,0.0001711255106432,484343.5279216048,88.0,CUBIC
2024-05-30 07:33:09,5473440,9.4644405529e-06,0.0002572686938757,530369.2475757542,89.0,CUBIC
2024-05-30 07:33:10,5615344,9.3963036095e-06,0.0002447513900861,507658.4267554559,90.0,CUBIC
2024-05-30 07:33:11,5705120,9.3277476554e-06,0.0002547030501393,475297.1172270186,91.0,CUBIC
2024-05-30 07:33:12,5661680,9.2599085135e-06,0.0002602769867167,509474.4541747648,92.0,CUBIC
2024-05-30 07:33:13,5626928,9.193505541e-06,0.0002840185437107,512406.8754271857,93.0,CUBIC
2024-05-30 07:33:14,7240000,9.1189923399e-06,0.0002618282994188,473767.3412895278,94.0,CUBIC
2024-05-30 07:33:15,6098976,9.0429678198e-06,0.0002542723068331,486137.83294459846,95.0,CUBIC
2024-05-30 07:33:16,5957072,8.9753560209e-06,0.000250713180446,481721.9038722765,96.0,CUBIC
2024-05-30 07:33:17,6045400,8.9090445632e-06,0.0002575566345585,512695.15512133634,97.0,CUBIC
2024-05-30 07:33:18,5554528,8.8458731251e-06,0.0002534309654491,490408.0237587796,98.0,CUBIC
2024-05-30 07:33:19,5395248,8.7870610724e-06,0.0001977209505959,502051.1351025972,99.0,CUBIC
2024-05-30 07:33:20,6014992,8.726612863e-06,0.0002368940514629,496127.89665788086,100.0,CUBIC
2024-05-30 07:33:21,5615344,8.665836787e-06,0.0002404059739913,497831.1917945173,101.0,CUBIC
2024-05-30 07:33:22,5961416,8.6061842812e-06,0.0002379852842508,498399.9255677095,102.0,CUBIC
2024-05-30 07:33:23,5690640,8.5469603678e-06,0.000259929426391,501903.5261233788,103.0,CUBIC
2024-05-30 07:33:24,6043952,8.4881352508e-06,0.0002636734083286,501576.458791425,104.0,CUBIC
2024-05-30 07:33:25,7975584,8.4189365184e-06,0.0002368381442804,444337.66450886655,105.0,CUBIC
2024-05-30 07:33:26,5891912,8.3515439702e-06,0.0002558637471472,498428.25748125056,106.0,CUBIC
2024-05-30 07:33:27,6125040,8.2940331045e-06,0.000241740262462,501703.10871688434,107.0,CUBIC
2024-05-30 07:33:28,5354704,8.2398234095e-06,0.0002533776559883,501396.3807939239,108.0,CUBIC
2024-05-30 07:33:29,6112008,8.1863867951e-06,0.0002322611962809,493386.8477575432,109.0,CUBIC
2024-05-30 07:36:41,9069003,0.0034533278489542,0.0002651966102055,441188.576607832,0.0,PCC
2024-05-30 07:36:42,11320464,0.00031052853617,0.0002789111992022,436995.2063180872,1.0,PCC
2024-05-30 07:36:43,10438632,0.0001719345683624,0.00025781430256,493798.4212278128,2.0,PCC
2024-05-30 07:36:44,10012920,0.0001219677703418,0.0002818313443776,466062.67046805966,3.0,PCC
2024-05-30 07:36:45,10120072,9.49845642716e-05,0.0002702249536317,484496.20103826944,4.0,PCC
2024-05-30 07:36:46,9115160,7.83849625227e-05,0.000272210461,480218.3836607917,5.0,PCC
2024-05-30 07:36:47,8819768,6.74370144337e-05,0.0002733847619691,463188.1168611937,6.0,PCC
2024-05-30 07:36:48,9522048,5.90295486322e-05,0.0002660778217653,571538.5247583105,7.0,PCC
2024-05-30 07:36:49,9099232,5.23834664169e-05,0.0002846676054715,601120.6556386102,8.0,PCC
2024-05-30 07:36:50,8877688,4.72521896239e-05,0.0002693114493057,590414.6733240688,9.0,PCC
2024-05-30 07:36:51,7406288,4.33946610305e-05,0.0002695369668964,529230.5313977008,10.0,PCC
2024-05-30 07:36:52,7668840,4.03540311265e-05,0.0002675729941807,612860.8016270436,11.0,PCC
2024-05-30 07:36:53,7531048,3.76897920218e-05,0.0002770914215346,740788.0667693282,12.0,PCC
2024-05-30 07:36:54,7394936,3.53953784071e-05,0.0002540841891872,705727.2763553722,13.0,PCC
2024-05-30 07:36:55,6951848,3.3438081851e-05,0.0002650598958845,732259.1361274654,14.0,PCC
2024-05-30 07:36:56,6330656,3.18092840465e-05,0.0002780175926693,722867.4537332354,15.0,PCC
2024-05-30 07:36:57,5884672,3.04457217536e-05,0.0002704633318859,677627.4559146456,16.0,PCC
2024-05-30 07:36:58,5363392,2.92896309947e-05,0.0002756866999433,805457.5465981239,17.0,PCC
2024-05-30 07:36:59,5311264,2.82715021764e-05,0.000253443181152,860604.9796179608,18.0,PCC
2024-05-30 07:37:01,5401040,2.63754127233e-05,0.0004132051501124,833632.5323709203,20.0,PCC
2024-05-30 07:37:02,5057864,2.55629545298e-05,0.0001293783387834,777561.2651011662,21.0,PCC
2024-05-30 07:37:03,5348912,2.48031080984e-05,0.0001320198231446,791966.9501226422,22.0,PCC
2024-05-30 07:37:04,5101304,2.40838721014e-05,0.0001379186553466,790369.037352521,23.0,PCC
2024-05-30 07:37:05,5538600,2.33936409621e-05,0.0001445331864367,780343.4197537139,24.0,PCC
2024-05-30 07:37:06,5412624,2.27230257226e-05,0.0001469902660224,758450.945337605,25.0,PCC
2024-05-30 07:37:07,5321400,2.21021015027e-05,0.000160716759418,845866.8569954829,26.0,PCC
2024-05-30 07:37:08,5683400,2.14999380931e-05,0.0001624938218166,821530.9895539741,27.0,PCC
2024-05-30 07:37:09,5282304,2.09313393828e-05,0.0001488575871022,840709.8745164163,28.0,PCC
2024-05-30 07:37:10,5545840,2.03989108833e-05,0.0001608749320256,823198.9068713571,29.0,PCC
2024-05-30 07:37:11,5474888,1.98839973437e-05,0.000167163741661,838579.1462317987,30.0,PCC
2024-05-30 07:37:12,5364840,1.94023313794e-05,0.0001903247468906,800380.6907105559,31.0,PCC
2024-05-30 07:37:13,5569008,1.8939608444e-05,0.0001854262004989,823891.9047757772,32.0,PCC
2024-05-30 07:37:14,5332984,1.84995596657e-05,0.0001981700382969,846311.419748995,33.0,PCC
2024-05-30 07:37:15,5224384,1.80925127839e-05,0.0001916241313393,900435.5439009885,34.0,PCC
2024-05-30 07:37:16,5133160,1.77102102333e-05,0.000206340789399,866428.5642320147,35.0,PCC
2024-05-30 07:37:17,5361944,1.73390972262e-05,0.0002389576446496,862112.4385734509,36.0,PCC
2024-05-30 07:37:18,5535704,1.69698039488e-05,0.0002505189667707,868913.1298109164,37.0,PCC
2024-05-30 07:37:19,5189632,1.66212755487e-05,0.0002676467885261,810234.1721950491,38.0,PCC
2024-05-30 07:37:20,5453168,1.6289424204e-05,0.0002700872436763,842694.4938895315,39.0,PCC
2024-05-30 07:37:21,5334432,1.59662389158e-05,0.0002660537614585,825795.9187786852,40.0,PCC
2024-05-30 07:37:22,5583488,1.56520626842e-05,0.0002645470994584,777972.9342691496,41.0,PCC
2024-05-30 07:37:23,4978224,1.53595319946e-05,0.0002797465136123,855686.331879919,42.0,PCC
2024-05-30 07:37:24,5334432,1.50843741437e-05,0.0002769664834166,816815.9061374322,43.0,PCC
2024-05-30 07:37:25,5159224,1.48142463798e-05,0.0002747685905991,799861.3722089736,44.0,PCC
2024-05-30 07:37:26,5513984,1.45493602379e-05,0.0002553260672763,807912.1882752234,45.0,PCC
2024-05-30 07:37:27,5082480,1.42954420345e-05,0.0002729953528431,779605.9559711979,46.0,PCC
2024-05-30 07:37:28,5376424,1.40534566627e-05,0.0002646496847683,853596.2352599958,47.0,PCC
2024-05-30 07:37:29,5073792,1.38196448753e-05,0.0002609011414763,865763.4817786489,48.0,PCC
2024-05-30 07:37:30,5425656,1.35925158311e-05,0.0002609156813296,896599.9788591049,49.0,PCC
2024-05-30 07:37:31,5301128,1.33680297503e-05,0.0002760336543973,844597.4229813891,50.0,PCC
2024-05-30 07:37:32,5346016,1.31524425505e-05,0.0002529293047642,839011.5130701874,51.0,PCC
2024-05-30 07:37:33,5652992,1.29369166233e-05,0.0002769185741163,874385.5543867057,52.0,PCC
2024-05-30 07:37:34,5185288,1.27312601607e-05,0.0002480096859654,820181.0490587939,53.0,PCC
2024-05-30 07:37:35,5438688,1.25360106189e-05,0.0002767891106369,838090.6978657907,54.0,PCC
2024-05-30 07:37:36,5221488,1.23459567597e-05,0.0002834639855232,979366.2664578268,55.0,PCC
2024-05-30 07:37:37,5306920,1.21638491638e-05,0.0002703583578138,858372.9951866326,56.0,PCC
2024-05-30 07:37:38,5419864,1.19837820444e-05,0.0002671718213485,825702.5038986834,57.0,PCC
2024-05-30 07:37:39,5708016,1.18025249809e-05,0.0002703265452281,851358.6680225512,58.0,PCC
2024-05-30 07:37:40,5637064,1.16232620971e-05,0.0002656110389788,872734.3876256964,59.0,PCC
2024-05-30 07:37:41,5471992,1.14529192642e-05,0.0002651966102055,865487.2460864641,60.0,PCC
2024-05-30 07:37:42,5466200,1.12900149409e-05,0.0002789111992022,818770.4679033866,61.0,PCC
2024-05-30 07:37:43,5612448,1.1129687457e-05,0.00025781430256,898413.7770296381,62.0,PCC
2024-05-30 07:37:44,5046280,1.09796283701e-05,0.0002818313443776,909004.7288399724,63.0,PCC
2024-05-30 07:37:45,5249000,1.08385403124e-05,0.0002702249536317,810422.3350625264,64.0,PCC
2024-05-30 07:37:46,5515432,1.06948370363e-05,0.000272210461,891063.1653351485,65.0,PCC
2024-05-30 07:37:47,5182392,1.05557147529e-05,0.0002733847619691,862686.6610912291,66.0,PCC
2024-05-30 07:37:48,5021664,1.04263685218e-05,0.0002660778217653,893778.1113618008,67.0,PCC
2024-05-30 07:37:49,5292440,1.02988141887e-05,0.0002846676054715,852371.5331427092,68.0,PCC
2024-05-30 07:37:50,5366288,1.01702287548e-05,0.0002693114493057,775255.6296723094,69.0,PCC
2024-05-30 07:37:51,5483576,1.00426143243e-05,0.0002695369668964,802315.8953710023,70.0,PCC
2024-05-30 07:37:52,5369184,9.9181027242e-06,0.0002675729941807,854250.0025991542,71.0,PCC
2024-05-30 07:37:53,5670368,9.7945967442e-06,0.0002770914215346,851009.7236429722,72.0,PCC
2024-05-30 07:37:54,5537152,9.6723003674e-06,0.0002540841891872,843244.5748471011,73.0,PCC
2024-05-30 07:37:55,5557424,9.5542135608e-06,0.0002650598958845,914621.5395109472,74.0,PCC
2024-05-30 07:37:56,5403936,9.4403495283e-06,0.0002780175926693,829670.8411853001,75.0,PCC
2024-05-30 07:37:57,5246104,9.3322874746e-06,0.0002704633318859,839801.4422582432,76.0,PCC
2024-05-30 07:37:58,5603760,9.2247190542e-06,0.0002756866999433,804814.2874581518,77.0,PCC
2024-05-30 07:37:59,5383664,9.1182640226e-06,0.000253443181152,920753.0870378752,78.0,PCC
2024-05-30 07:38:01,5525568,8.9149366122e-06,0.0004132051501124,941023.9631613708,80.0,PCC
2024-05-30 07:38:02,5521224,8.8149495e-06,0.0001293783387834,850908.2746804236,81.0,PCC
2024-05-30 07:38:03,5305472,8.7190990954e-06,0.0001320198231446,847637.0560499254,82.0,PCC
2024-05-30 07:38:04,5427104,8.6261273718e-06,0.0001379186553466,798608.9708369181,83.0,PCC
2024-05-30 07:38:05,5450272,8.5339004287e-06,0.0001445331864367,879716.478620666,84.0,PCC
2024-05-30 07:38:06,5114336,8.4461821112e-06,0.0001469902660224,849232.5822886095,85.0,PCC
2024-05-30 07:38:07,5466200,8.3601394905e-06,0.000160716759418,823946.3236750776,86.0,PCC
2024-05-30 07:38:08,5315608,8.2742437582e-06,0.0001624938218166,854104.0867649436,87.0,PCC
2024-05-30 07:38:09,5602312,8.1890448731e-06,0.0001488575871022,832423.8406300753,88.0,PCC
2024-05-30 07:38:10,5063656,8.1074673379e-06,0.0001608749320256,837260.4438518033,89.0,PCC
2024-05-30 07:38:11,5243208,8.0301919784e-06,0.000167163741661,847603.2075009292,90.0,PCC
2024-05-30 07:38:12,5813720,7.9489163361e-06,0.0001903247468906,855439.2572692635,91.0,PCC
2024-05-30 07:38:13,5408280,7.8680693088e-06,0.0001854262004989,819410.4401885889,92.0,PCC
2024-05-30 07:38:14,5082480,7.7939623821e-06,0.0001981700382969,886572.3061787108,93.0,PCC
2024-05-30 07:38:15,5553080,7.7202621136e-06,0.0001916241313393,834980.4758758864,94.0,PCC
2024-05-30 07:38:16,5222936,7.6469898012e-06,0.000206340789399,810098.9689024484,95.0,PCC
2024-05-30 07:38:17,5267824,7.5769876627e-06,0.0002389576446496,771615.4386800453,96.0,PCC
2024-05-30 07:38:18,5292440,7.5077947914e-06,0.0002505189667707,873322.7060163361,97.0,PCC
2024-05-30 07:38:19,5603760,7.4377202029e-06,0.0002676467885261,855312.0933631463,98.0,PCC
2024-05-30 07:38:20,5289312,7.3689566374e-06,0.0002700872436763,823382.9621741961,99.0,PCC
2024-05-30 07:38:21,5275296,7.3034672897e-06,0.0002660537614585,780031.4290022206,100.0,PCC
2024-05-30 07:38:22,5143296,7.2400119006e-06,0.0002645470994584,808306.822270676,101.0,PCC
2024-05-30 07:38:23,5847024,7.1742745597e-06,0.0002797465136123,862261.2260243293,102.0,PCC
2024-05-30 07:38:24,5130264,7.1097710093e-06,0.0002769664834166,791462.9154724937,103.0,PCC
2024-05-30 07:38:25,5460408,7.0486533551e-06,0.0002747685905991,848104.9102451626,104.0,PCC
2024-05-30 07:38:26,5159224,6.9883964192e-06,0.0002553260672763,826896.4305038956,105.0,PCC
2024-05-30 07:38:27,5280856,6.9301600248e-06,0.0002729953528431,850071.396141497,106.0,PCC
2024-05-30 07:38:28,5415520,6.8715011177e-06,0.0002646496847683,894284.8568531347,107.0,PCC
2024-05-30 07:38:29,5138952,6.8145714622e-06,0.0002609011414763,824406.4740780443,108.0,PCC
2024-05-30 07:38:30,5364840,6.7588510868e-06,0.0002609156813296,837380.2807253889,109.0,PCC
2024-05-30 07:31:39,2644227,0.0097915616292784,0.0030441343784332,425038.1821747807,0.0,BBR
2024-05-30 07:31:40,9469920,0.0006961323706944,0.0028866447619537,440941.2214815294,1.0,BBR
2024-05-30 07:31:41,5718152,0.0002934212108784,0.0027106137342855,528296.5615567368,2.0,BBR
2024-05-30 07:31:42,2943784,0.0002252904292329,0.0027518118581464,461782.8911721644,3.0,BBR
2024-05-30 07:31:43,1387184,0.000202260680535,0.0026009254455566,650753.8764392908,4.0,BBR
2024-05-30 07:31:44,490872,0.0001937310996186,0.0024239604855761,624565.976258361,5.0,BBR
2024-05-30 07:31:45,260640,0.0001905327027633,0.0022740491898187,567144.6551810785,6.0,BBR
2024-05-30 07:31:46,201272,0.0001886211313087,0.0023237414982007,604014.4551960665,7.0,BBR
2024-05-30 07:31:47,152040,0.0001871847962471,0.0021793735640694,487596.3597471782,8.0,BBR
2024-05-30 07:31:48,117288,0.0001861046098791,0.002523052064996,579471.3381592662,9.0,BBR
2024-05-30 07:31:49,123080,0.0001851513225362,0.0022317673459411,401703.1928964237,10.0,BBR
2024-05-30 07:31:50,70952,0.000184388584303,0.0032643230756123,840606.7206626282,11.0,BBR
2024-05-30 07:31:51,131768,0.0001835990056899,0.002081207259396,190522.2976181014,12.0,BBR
2024-05-30 07:31:52,144800,0.0001825322779397,0.0015903348845194,318817.10956788977,13.0,BBR
2024-05-30 07:31:53,173760,0.0001813189779519,0.0016534600453368,316928.1135854269,14.0,BBR
2024-05-30 07:31:54,181000,0.0001799864446526,0.0014106292616237,219901.1261791186,15.0,BBR
2024-05-30 07:31:55,195480,0.0001785936508091,0.0014523763296216,455306.1672233978,16.0,BBR
2024-05-30 07:31:56,224440,0.0001770655091976,0.0012122188840258,199210.37800856988,17.0,BBR
2024-05-30 07:31:57,260640,0.000175332554072,0.0010567386685373,291813.4488296223,18.0,BBR
2024-05-30 07:31:58,231680,0.0001736073280095,0.0010331012308597,619352.5673975231,19.0,BBR
2024-05-30 07:31:59,201272,0.0001721179517219,0.0008577806623839,757621.5198546243,20.0,BBR
2024-05-30 07:32:00,233128,0.0001706496568436,,402371.75941822975,21.0,BBR
2024-05-30 07:32:01,238920,0.0001690819827195,,418626.0950249149,22.0,BBR
2024-05-30 07:32:02,185344,0.0001676968499929,,490648.1108544576,23.0,BBR
2024-05-30 07:32:03,205616,0.0001664409839801,,304516.7802849405,24.0,BBR
2024-05-30 07:32:04,195480,0.0001651717123045,0.0001917763422894,553446.627197393,25.0,BBR
2024-05-30 07:32:05,202720,0.0001639307467147,0.0001491233182962,853423.1769060347,26.0,BBR
2024-05-30 07:32:06,209960,0.000162664178952,0.0002625611716748,298799.94322014705,27.0,BBR
2024-05-30 07:32:07,209960,0.0001613952664229,0.000488592525187,376011.87197659694,28.0,BBR
2024-05-30 07:32:08,144800,0.0001603381598826,0.0010367169038851,94745.60569580464,29.0,BBR
2024-05-30 07:32:09,246160,0.0001591902758163,0.0028569940207661,223245.73470676687,30.0,BBR
2024-05-30 07:32:10,253400,0.0001577464069775,0.0053271770477294,267948.7689836256,31.0,BBR
2024-05-30 07:32:11,296840,0.0001561864054613,0.0067348498150818,291045.48078544054,32.0,BBR
2024-05-30 07:32:12,340280,0.0001544181891139,0.0089680490039643,376205.1364764791,33.0,BBR
2024-05-30 07:32:13,405440,0.0001523990032799,0.0109909883765287,467932.8283006879,34.0,BBR
2024-05-30 07:32:14,463360,0.0001501120359631,0.0113234251737594,301846.49845667323,35.0,BBR
2024-05-30 07:32:15,492320,0.0001476739448044,0.0180825068026172,363027.85931600194,36.0,BBR
2024-05-30 07:32:16,506800,0.0001452080902188,0.010185155239734,441748.1968845525,37.0,BBR
2024-05-30 07:32:17,501008,0.0001428025710308,0.009355438323248,481891.7349850685,38.0,BBR
2024-05-30 07:32:18,543000,0.0001403938880143,0.0080235481262207,309271.07448175235,39.0,BBR
2024-05-30 07:32:19,571960,0.0001379094616152,0.0076166954040527,326690.18277842883,40.0,BBR
2024-05-30 07:32:20,626984,0.0001353345085776,0.0070535506520952,304830.29656376224,41.0,CUBIC
2024-05-30 07:32:21,582096,0.0001328320915917,0.0064841334025065,283344.0090994968,42.0,CUBIC
2024-05-30 07:32:22,638568,0.0001303990897729,0.0053269231641614,341204.20656787127,43.0,CUBIC
2024-05-30 07:32:23,584992,0.0001280468782949,0.0056892779565626,350770.6976747741,44.0,CUBIC
2024-05-30 07:32:24,631328,0.0001257923040434,0.0069713592529296,304207.3265618575,45.0,CUBIC
2024-05-30 07:32:25,438744,0.0001238713047922,0.0059188582141947,445445.39894864126,46.0,CUBIC
2024-05-30 07:32:26,682008,0.0001219252054593,0.005743528134895,443906.62651453295,47.0,CUBIC
2024-05-30 07:32:27,894864,0.0001192879250913,0.0071195544618548,502220.7167526004,48.0,CUBIC
2024-05-30 07:32:28,799296,0.0001165749654039,0.0067553987036218,559882.4316631297,49.0,CUBIC
2024-05-30 07:32:29,1003464,0.0001138239939531,0.0071655915333674,431313.2057310141,50.0,CUBIC
2024-05-30 07:32:30,990432,0.0001109259944254,0.0068977491723166,501689.5768271065,51.0,CUBIC
2024-05-30 07:32:31,1185912,0.0001079292408957,0.0067795895515604,421160.84219072014,52.0,CUBIC
2024-05-30 07:32:32,1324920,0.0001046661352724,0.0067384341667438,445300.60615674994,53.0,CUBIC
2024-05-30 07:32:33,1403112,0.0001013364351492,0.0083649897575378,440591.68200337497,54.0,CUBIC
2024-05-30 07:32:34,1637688,9.78680342274e-05,0.0055499525631175,381840.26124219294,55.0,CUBIC
2024-05-30 07:32:35,1715880,9.43060474276e-05,0.0053657107883029,470709.7454898947,56.0,CUBIC
2024-05-30 07:32:36,1967832,9.06828018653e-05,0.0044024001468311,434480.7430724848,57.0,CUBIC
2024-05-30 07:32:37,2130008,8.69646560783e-05,0.0043033666388933,508551.14667432127,58.0,CUBIC
2024-05-30 07:32:38,2267568,8.32990285536e-05,0.0034607753419039,467240.7253194405,59.0,CUBIC
2024-05-30 07:32:39,2448568,7.9696791121e-05,0.0030441343784332,537034.4863151009,60.0,CUBIC
2024-05-30 07:32:40,2646944,7.61393630102e-05,0.0028866447619537,500456.0345546292,61.0,CUBIC
2024-05-30 07:32:41,1710088,7.33314188464e-05,0.0027106137342855,490357.9164051539,62.0,CUBIC
2024-05-30 07:32:42,2580336,7.07743180386e-05,0.0027518118581464,546850.6709197747,63.0,CUBIC
2024-05-30 07:32:43,2927856,6.77372043771e-05,0.0026009254455566,496203.7299511077,64.0,CUBIC
2024-05-30 07:32:44,3168224,6.46650658272e-05,0.0024239604855761,507070.14083828055,65.0,CUBIC
2024-05-30 07:32:45,3505608,6.16067406584e-05,0.0022740491898187,516057.9718176201,66.0,CUBIC
2024-05-30 07:32:46,3553392,5.86697387181e-05,0.0023237414982007,471484.0947246495,67.0,CUBIC
2024-05-30 07:32:47,4039920,5.5810388952e-05,0.0021793735640694,501229.86501296767,68.0,CUBIC
2024-05-30 07:32:48,4028336,5.30596931018e-05,0.002523052064996,561908.7342757421,69.0,CUBIC
2024-05-30 07:32:49,4312144,5.04888475313e-05,0.0022317673459411,502897.9671645901,70.0,CUBIC
2024-05-30 07:32:50,4776952,4.79574120172e-05,0.0032643230756123,459673.2355138722,71.0,CUBIC
2024-05-30 07:32:51,4743648,4.55622949579e-05,0.002081207259396,515212.4527654917,72.0,CUBIC
2024-05-30 07:32:52,2971296,4.37851511262e-05,0.0015903348845194,502955.4588132423,73.0,CUBIC
2024-05-30 07:32:53,4981120,4.2103099926e-05,0.0016534600453368,511202.4526740448,74.0,CUBIC
2024-05-30 07:32:54,4962296,4.01668858512e-05,0.0014106292616237,493895.19424645696,75.0,CUBIC
2024-05-30 07:32:55,5346016,3.8340136083e-05,0.0014523763296216,508420.87346383726,76.0,CUBIC
2024-05-30 07:32:56,5408280,3.6602416494e-05,0.0012122188840258,493151.52579441486,77.0,CUBIC
2024-05-30 07:32:57,5290992,3.50225879053e-05,0.0010567386685373,527754.3713880307,78.0,CUBIC
2024-05-30 07:32:58,4871072,3.36430669724e-05,0.0010331012308597,499436.13258565136,79.0,CUBIC
2024-05-30 07:32:59,5112888,3.23904929807e-05,0.0008577806623839,510007.2929243035,80.0,CUBIC
2024-05-30 07:33:00,5560320,3.11509548053e-05,,487248.6892197408,81.0,CUBIC
2024-05-30 07:33:01,5134608,2.99995451953e-05,,494512.1185502533,82.0,CUBIC
2024-05-30 07:33:02,5069448,2.8978190206e-05,,506032.2840157527,83.0,CUBIC
2024-05-30 07:33:03,1811448,2.83255983494e-05,,511753.5583066168,84.0,CUBIC
2024-05-30 07:33:04,5228728,2.76921449481e-05,0.0001917763422894,489897.56701639073,85.0,CUBIC
2024-05-30 07:33:05,5105648,2.68087563061e-05,0.0001491233182962,484135.4136269229,86.0,CUBIC
2024-05-30 07:33:06,5137504,2.59872078865e-05,0.0002625611716748,463221.7573449162,87.0,CUBIC
2024-05-30 07:33:07,5053520,2.52182507229e-05,0.000488592525187,468607.31272268586,88.0,CUBIC
2024-05-30 07:33:08,4761024,2.45192926538e-05,0.0010367169038851,491127.33688583033,89.0,CUBIC
2024-05-30 07:33:09,4991256,2.38624340742e-05,0.0028569940207661,492679.2933827223,90.0,CUBIC
2024-05-30 07:33:10,5196872,2.32127731767e-05,0.0053271770477294,490632.9150495287,91.0,CUBIC
2024-05-30 07:33:11,4745096,2.26117719636e-05,0.0067348498150818,501211.0978317605,92.0,CUBIC
2024-05-30 07:33:12,4897136,2.20581767705e-05,0.0089680490039643,518187.13086526416,93.0,CUBIC
2024-05-30 07:33:13,5121576,2.15110008482e-05,0.0109909883765287,473065.68739577767,94.0,CUBIC
2024-05-30 07:33:14,2163312,2.11289642271e-05,0.0113234251737594,497319.28317811823,95.0,CUBIC
2024-05-30 07:33:15,5489368,2.07439156984e-05,0.0180825068026172,506638.2505517709,96.0,CUBIC
2024-05-30 07:33:16,5066552,2.02336835334e-05,0.010185155239734,503415.2083590299,97.0,CUBIC
2024-05-30 07:33:17,5525568,1.97465843836e-05,0.009355438323248,480074.0124631944,98.0,CUBIC
2024-05-30 07:33:18,4847904,1.92913651621e-05,0.0080235481262207,489968.9813116494,99.0,CUBIC
2024-05-30 07:33:19,5269272,1.88674436829e-05,0.0076166954040527,475490.8592842452,100.0,CUBIC
2024-05-30 07:33:20,5363392,1.84415113215e-05,0.0070535506520952,500775.58330477786,101.0,CUBIC
2024-05-30 07:33:21,5162120,1.80383179226e-05,0.0064841334025065,498401.3678618036,102.0,CUBIC
2024-05-30 07:33:22,5574800,1.76448555531e-05,0.0053269231641614,503265.470893537,103.0,CUBIC
2024-05-30 07:33:23,5150536,1.72684304439e-05,0.0056892779565626,477382.2688338254,104.0,CUBIC
2024-05-30 07:33:24,5408280,1.69134200774e-05,0.0069713592529296,489318.8436610112,105.0,CUBIC
2024-05-30 07:33:25,2486216,1.66568912973e-05,0.0059188582141947,525927.6159138393,106.0,CUBIC
2024-05-30 07:33:26,5509640,1.64058233095e-05,0.005743528134895,466303.44962615694,107.0,CUBIC
2024-05-30 07:33:27,4778400,1.60929417631e-05,0.0071195544618548,495657.4038399484,108.0,CUBIC
2024-05-30 07:33:28,5224384,1.58002189435e-05,0.0067553987036218,461911.3210608602,109.0,CUBIC
2024-05-30 07:36:42,47963,0.2136354087024316,0.0002781678121754,871190.141715353,0.0,PCC
2024-05-30 07:36:43,608160,0.0276830933137374,0.0002620969821938,1030414.7154150768,1.0,PCC
2024-05-30 07:36:44,537208,0.0078991144335542,0.0002851165850341,949322.9438307326,2.0,PCC
2024-05-30 07:36:45,671872,0.0047551457925769,0.0002675171573786,888587.6827988835,3.0,PCC
2024-05-30 07:36:46,858664,0.0031676066563125,0.0002725869623292,909664.5627165856,4.0,PCC
2024-05-30 07:36:47,877488,0.0022909549386115,0.0002719146112052,989545.2372418776,5.0,PCC
2024-05-30 07:36:48,1255416,0.001717317843938,0.0002757735643665,1043241.4533970968,6.0,PCC
2024-05-30 07:36:49,1436416,0.0013016851360041,0.000277029872107,939221.2585366392,7.0,PCC
2024-05-30 07:36:50,1715880,0.0010147599490433,0.0002779100892539,989890.6237479784,8.0,PCC
2024-05-30 07:36:51,1867920,0.0008108950260808,0.0002616079525621,1001348.2780692116,9.0,PCC
2024-05-30 07:36:52,2189376,0.0006609969699722,0.0002753763858761,969961.0388230424,10.0,PCC
2024-05-30 07:36:53,2552824,0.0005435456110194,0.0002731476106354,970656.1831925364,11.0,PCC
2024-05-30 07:36:54,3105960,0.0004485663316209,0.0002628508695518,907599.4412135693,12.0,PCC
2024-05-30 07:36:55,3777832,0.0003699303400922,0.0002641767956489,946940.1779543548,13.0,PCC
2024-05-30 07:36:56,4115216,0.0003078423337131,0.0002805523844255,868017.4406101279,14.0,PCC
2024-05-30 07:36:57,4368616,0.000260777202523,0.0002697887880941,839353.6495700497,15.0,PCC
2024-05-30 07:36:58,5060760,0.0002229744046039,0.0002762794231037,780951.6940413648,16.0,PCC
2024-05-30 07:36:59,5356152,0.0001921292072232,0.0002592444698314,788666.1453610352,17.0,PCC
2024-05-30 07:37:03,5373528,0.0001225494841307,0.0065241958945989,846197.8940192765,21.0,PCC
2024-05-30 07:37:04,5111440,0.0001125439135111,0.002146858139606,777919.4712647523,22.0,PCC
2024-05-30 07:37:05,5496608,0.0001039706242745,0.0023773029101844,803926.1949262554,23.0,PCC
2024-05-30 07:37:06,5341672,9.64532416465e-05,0.002007924142431,853121.5106259692,24.0,PCC
2024-05-30 07:37:07,5344568,9.00373076958e-05,0.0019139255193923,790495.3385906335,25.0,PCC
2024-05-30 07:37:08,5479232,8.43563666853e-05,0.0013429223274698,807753.3349612805,26.0,PCC
2024-05-30 07:37:09,5356152,7.93425512061e-05,0.0011628043050643,855534.6931744068,27.0,PCC
2024-05-30 07:37:10,5398144,7.49236323945e-05,0.0009117702861408,841216.6975178067,28.0,PCC
2024-05-30 07:37:11,5729736,7.08431090309e-05,0.0008036041881051,821157.1243355478,29.0,PCC
2024-05-30 07:37:12,5244656,6.72279889333e-05,0.0006997733305172,790182.8980136182,30.0,PCC
2024-05-30 07:37:13,5503848,6.40310971877e-05,0.0006680691665966,817074.3859831395,31.0,PCC
2024-05-30 07:37:14,5367736,6.10910915606e-05,0.0005246230534144,814748.3264992951,32.0,PCC
2024-05-30 07:37:15,5217144,5.84775889762e-05,0.0004688980455082,836873.1547813214,33.0,PCC
2024-05-30 07:37:16,5033248,5.61512707888e-05,0.0003599731959281,833663.156926571,34.0,PCC
2024-05-30 07:37:17,5451720,5.39567961797e-05,0.0003732920049107,787492.0350535105,35.0,PCC
2024-05-30 07:37:18,5280856,5.18798739277e-05,0.0002999568058002,814349.7055569107,36.0,PCC
2024-05-30 07:37:19,5398144,4.99670647974e-05,0.0002722619562355,830635.2086727984,37.0,PCC
2024-05-30 07:37:20,5419864,4.8167820851e-05,0.0002737951959508,823458.5768858256,38.0,PCC
2024-05-30 07:37:21,5285200,4.6510260002e-05,0.0002537628653829,847604.5562779356,39.0,PCC
2024-05-30 07:37:22,5632720,4.49340635227e-05,0.0002845273679588,778198.5452688342,40.0,PCC
2024-05-30 07:37:23,4926096,4.35065976178e-05,0.0002742929160103,769937.4563417676,41.0,PCC
2024-05-30 07:37:24,5379320,4.21995136921e-05,0.0002784566913816,775819.2997098588,42.0,PCC
2024-05-30 07:37:25,5141848,4.0942869787e-05,0.00027366287737,804782.8122355713,43.0,PCC
2024-05-30 07:37:26,5422760,3.97548880609e-05,0.000261742127569,784755.1009515838,44.0,PCC
2024-05-30 07:37:27,5163568,3.86311280842e-05,0.000270931626919,777998.8418526449,45.0,PCC
2024-05-30 07:37:28,5172256,3.75938445661e-05,0.0002735052145384,827637.9914041477,46.0,PCC
2024-05-30 07:37:29,5228728,3.66048191958e-05,0.0002609447358447,836480.2848690914,47.0,PCC
2024-05-30 07:37:30,5215696,3.56625048851e-05,0.0002695222991406,842399.5437052432,48.0,PCC
2024-05-30 07:37:31,5496608,3.47453503562e-05,0.0002600910824371,814649.5001830157,49.0,PCC
2024-05-30 07:37:32,5165016,3.38779076155e-05,0.0002577552869819,820590.7350012881,50.0,PCC
2024-05-30 07:37:33,5712360,3.30369003133e-05,0.0002756010823779,835693.0726860395,51.0,PCC
2024-05-30 07:37:34,5086824,3.2241659831e-05,0.0002540297787304,845564.6964252832,52.0,PCC
2024-05-30 07:37:35,5490816,3.14996459e-05,0.0002784701645491,824773.223081741,53.0,PCC
2024-05-30 07:37:36,5183840,3.07841182841e-05,0.0002814441952925,810358.574979789,54.0,PCC
2024-05-30 07:37:37,5325744,3.0110921924e-05,0.0002727706629775,851925.6539160254,55.0,PCC
2024-05-30 07:37:38,5357600,2.94561617482e-05,0.0002730548610676,832487.086031017,56.0,PCC
2024-05-30 07:37:39,5618240,2.88125877351e-05,0.0002689558166405,866649.9836334233,57.0,PCC
2024-05-30 07:37:40,5764488,2.81740859028e-05,0.0002797737901181,885137.0290602677,58.0,PCC
2024-05-30 07:37:41,5370632,2.75760633723e-05,0.0002550339863134,827897.4686451686,59.0,PCC
2024-05-30 07:37:42,5432896,2.7019847963e-05,0.0002781678121754,880666.4533888211,60.0,PCC
2024-05-30 07:37:43,5364840,2.64857961251e-05,0.0002620969821938,834819.0076048429,61.0,PCC
2024-05-30 07:37:44,5233072,2.59817411364e-05,0.0002851165850341,880287.211503096,62.0,PCC
2024-05-30 07:37:45,5114336,2.55078367323e-05,0.0002675171573786,884475.4873171285,63.0,PCC
2024-05-30 07:37:46,5458960,2.50412477018e-05,0.0002725869623292,833080.1932921449,64.0,PCC
2024-05-30 07:37:47,5170808,2.45889020569e-05,0.0002719146112052,830618.7828649079,65.0,PCC
2024-05-30 07:37:48,5131712,2.41658626162e-05,0.0002757735643665,795030.9708119731,66.0,PCC
2024-05-30 07:37:49,5137504,2.37584420548e-05,0.000277029872107,830415.570700227,67.0,PCC
2024-05-30 07:37:50,5460408,2.33521599053e-05,0.0002779100892539,812804.9712930169,68.0,PCC
2024-05-30 07:37:51,5332984,2.29523301897e-05,0.0002616079525621,784998.030922263,69.0,PCC
2024-05-30 07:37:52,5464752,2.25659123455e-05,0.0002753763858761,843504.2319334112,70.0,PCC
2024-05-30 07:37:53,5461856,2.21878819916e-05,0.0002731476106354,901654.0517004388,71.0,PCC
2024-05-30 07:37:54,5571904,2.18187587459e-05,0.0002628508695518,880942.1485694456,72.0,PCC
2024-05-30 07:37:55,5370632,2.14646096492e-05,0.0002641767956489,856475.0525745181,73.0,PCC
2024-05-30 07:37:56,5508192,2.11238389147e-05,0.0002805523844255,865747.5131118759,74.0,PCC
2024-05-30 07:37:57,5334432,2.07946649043e-05,0.0002697887880941,822567.1023338325,75.0,PCC
2024-05-30 07:37:58,5450272,2.04773130949e-05,0.0002762794231037,856531.3597917041,76.0,PCC
2024-05-30 07:37:59,5496608,2.01649775791e-05,0.0002592444698314,796247.8639411202,77.0,PCC
2024-05-30 07:38:03,5340224,1.90139238329e-05,0.0065241958945989,835512.2285506452,81.0,PCC
2024-05-30 07:38:04,5366288,1.87501382106e-05,0.002146858139606,813363.3208557233,82.0,PCC
2024-05-30 07:38:05,5389456,1.84924082143e-05,0.0023773029101844,845072.3864186285,83.0,PCC
2024-05-30 07:38:06,5118680,1.82473630201e-05,0.002007924142431,804446.8437136993,84.0,PCC
2024-05-30 07:38:07,5463304,1.80071343677e-05,0.0019139255193923,824885.1570662067,85.0,PCC
2024-05-30 07:38:08,5337328,1.77683346818e-05,0.0013429223274698,814676.0109086228,86.0,PCC
2024-05-30 07:38:09,5398144,1.75371566841e-05,0.0011628043050643,805373.2400885388,87.0,PCC
2024-05-30 07:38:10,5337328,1.73119058903e-05,0.0009117702861408,826102.4750545126,88.0,PCC
2024-05-30 07:38:11,5053520,1.70993354354e-05,0.0008036041881051,828294.7789752292,89.0,PCC
2024-05-30 07:38:12,5891912,1.68810938566e-05,0.0006997733305172,791778.0799463433,90.0,PCC
2024-05-30 07:38:13,5104200,1.66672198821e-05,0.0006680691665966,868015.8876450782,91.0,PCC
2024-05-30 07:38:14,5372080,1.64685110622e-05,0.0005246230534144,748358.1802294886,92.0,PCC
2024-05-30 07:38:15,5262032,1.62715969201e-05,0.0004688980455082,796238.8680957304,93.0,PCC
2024-05-30 07:38:16,5473440,1.60775494941e-05,0.0003599731959281,812237.5624108386,94.0,PCC
2024-05-30 07:38:17,4978224,1.58929771755e-05,0.0003732920049107,806297.3024320164,95.0,PCC
2024-05-30 07:38:18,5450272,1.5713052718e-05,0.0002999568058002,802099.3158157367,96.0,PCC
2024-05-30 07:38:19,5424208,1.55296690792e-05,0.0002722619562355,836648.6073437057,97.0,PCC
2024-05-30 07:38:20,5527016,1.53492757356e-05,0.0002737951959508,805844.5292489525,98.0,PCC
2024-05-30 07:38:21,5095512,1.51782443242e-05,0.0002537628653829,822709.0797170223,99.0,PCC
2024-05-30 07:38:22,5057864,1.50183099094e-05,0.0002845273679588,817377.8137932515,100.0,PCC
2024-05-30 07:38:23,5703672,1.48524562912e-05,0.0002742929160103,848477.7782100491,101.0,PCC
2024-05-30 07:38:24,5414072,1.4684866808e-05,0.0002784566913816,829260.2078331582,102.0,PCC
2024-05-30 07:38:25,5337328,1.45263871765e-05,0.00027366287737,838067.956162835,103.0,PCC
2024-05-30 07:38:26,5141848,1.43751699202e-05,0.000261742127569,823064.0202219542,104.0,PCC
2024-05-30 07:38:27,5211352,1.42288224465e-05,0.000270931626919,844933.9226973731,105.0,PCC
2024-05-30 07:38:28,5386560,1.40820774427e-05,0.0002735052145384,861893.1704018204,106.0,PCC
2024-05-30 07:38:29,5118680,1.39395710971e-05,0.0002609447358447,831639.4175371851,107.0,PCC
2024-05-30 07:38:30,5401040,1.37997541051e-05,0.0002695222991406,814358.6234083747,108.0,PCC
2024-05-30 07:38:31,5211352,1.36614990255e-05,0.0002600910824371,868776.7692081932,109.0,PCC
2024-05-30 05:59:17,437474,0.0405906128398756,0.0003102746062773,179519.70303549498,0.0,PCC
2024-05-30 05:59:18,742824,0.0056806106939293,0.0002546256447868,494869.5572972304,1.0,PCC
2024-05-30 05:59:19,1293064,0.0024632176457819,0.0002754254917955,568802.0983520888,2.0,PCC
2024-05-30 05:59:20,2754096,0.0011753317186261,0.0002587912981383,506395.5839843564,3.0,PCC
2024-05-30 05:59:21,4959400,0.0005831623138397,0.0002528103082776,510830.4967245993,4.0,PCC
2024-05-30 05:59:22,7180632,0.0003223789859587,0.0002002614765918,497092.77214651776,5.0,PCC
2024-05-30 05:59:23,10328584,0.0001961397953656,0.0002236404003353,447740.24490483874,6.0,PCC
2024-05-30 05:59:24,9514808,0.0001347468399212,0.0002323320028506,458092.9228319008,7.0,PCC
2024-05-30 05:59:25,9614720,0.0001037814693435,0.0002347266132832,451882.1650852846,8.0,PCC
2024-05-30 05:59:26,11055480,8.32404461426e-05,0.0002406212226274,451078.9640972498,9.0,PCC
2024-05-30 05:59:27,10631216,6.88636895952e-05,0.0001874879361635,454141.4404539437,10.0,PCC
2024-05-30 05:59:28,9736352,5.92533867119e-05,0.0002553271053089,501440.956717357,11.0,PCC
2024-05-30 05:59:29,5832544,5.35147033056e-05,0.0002452299532845,514617.3903670957,12.0,PCC
2024-05-30 05:59:30,4878312,5.01939521211e-05,0.0002308241511438,598373.2753894802,13.0,PCC
2024-05-30 05:59:31,5687744,4.73076470536e-05,0.0002612575036915,594833.1178802841,14.0,PCC
2024-05-30 05:59:32,5154880,4.46656161457e-05,0.0002400386233289,666985.1575705407,15.0,PCC
2024-05-30 05:59:33,5471992,4.23509438548e-05,0.0001931555266537,641558.8685662826,16.0,PCC
2024-05-30 05:59:34,7102440,3.99085837448e-05,0.0002241224920662,477795.2693374362,17.0,PCC
2024-05-30 05:59:35,6436360,3.75679209435e-05,0.0002378811866889,525420.0112336656,18.0,PCC
2024-05-30 05:59:36,5822408,3.56737472639e-05,0.0002484873478119,540076.7863321129,19.0,PCC
2024-05-30 05:59:37,6120696,3.4005277937e-05,0.0002573993264296,546681.3889059543,20.0,PCC
2024-05-30 05:59:38,6143632,3.2446547821e-05,0.0001900489633467,549135.1601314481,21.0,PCC
2024-05-30 05:59:39,6290344,3.10059170496e-05,0.0002260624064291,515628.95471679233,22.0,PCC
2024-05-30 05:59:40,7225288,2.95795220744e-05,0.0002532026446457,501138.750015924,23.0,PCC
2024-05-30 05:59:41,5695216,2.8330134394e-05,0.0002667571682762,501280.09069535707,24.0,PCC
2024-05-30 05:59:42,6048296,2.72848174767e-05,0.000266871426626,520591.83148254425,25.0,PCC
2024-05-30 05:59:43,5956840,2.62926964067e-05,0.0002529114173634,510954.5117146364,26.0,PCC
2024-05-30 05:59:44,5511320,2.54097836452e-05,0.000258371526724,498321.2487062021,27.0,PCC
2024-05-30 05:59:45,7421000,2.44846760095e-05,0.0013658734392528,470548.5196472923,28.0,PCC
2024-05-30 05:59:46,6653560,2.35492354895e-05,0.0008239395478192,489404.4055649338,29.0,PCC
2024-05-30 05:59:47,5919424,2.27720554377e-05,0.0005388445281152,494672.6994824745,30.0,PCC
2024-05-30 05:59:48,6049744,2.20789089782e-05,0.0005018770003402,522203.8286669828,31.0,PCC
2024-05-30 05:59:49,5699328,2.14381780102e-05,0.0005396625813824,525676.3886213565,32.0,PCC
2024-05-30 05:59:50,5907840,2.08409534378e-05,0.000390704740152,484434.71277601854,33.0,PCC
2024-05-30 05:59:51,7654128,2.01847149073e-05,0.0003714792131927,485244.7591827447,34.0,PCC
2024-05-30 05:59:52,6171376,1.95554244916e-05,0.0003537368980095,520211.9381808369,35.0,PCC
2024-05-30 05:59:53,5359048,1.90600551258e-05,0.0003472233282356,514446.7589212167,36.0,PCC
2024-05-30 05:59:54,5344568,1.8622442654e-05,0.000218908467614,526664.7465698061,37.0,PCC
2024-05-30 05:59:55,5603760,1.81952802022e-05,0.0001910947127255,502731.659988843,38.0,PCC
2024-05-30 05:59:56,5502400,1.77813755177e-05,0.000250231524484,515799.4920481768,39.0,PCC
2024-05-30 05:59:57,3495337,2.08904497947e-05,0.0003053823085162,476338.2052260143,40.0,PCC
2024-05-30 05:59:58,1255416,5.18756987652e-05,0.0002956778053345,761957.2762198189,41.0,BBR
2024-05-30 05:59:59,2240056,5.15175176275e-05,0.0003306087827808,603144.3215756177,42.0,BBR
2024-05-30 06:00:04,3857472,4.85574893899e-05,0.0031183172155309,533986.792144134,47.0,BBR
2024-05-30 06:00:05,4274496,4.78329951238e-05,0.0025027666858692,540291.2477402865,48.0,BBR
2024-05-30 06:00:06,4416400,4.70821012561e-05,0.0014389286568765,565093.88845581,49.0,BBR
2024-05-30 06:00:07,8094320,4.60437712834e-05,0.0007658242430754,548988.3781064391,50.0,BBR
2024-05-30 06:00:08,6445048,4.48896241431e-05,0.0003834476023969,548654.4333885398,51.0,BBR
2024-05-30 06:00:09,5370632,4.39937751985e-05,0.0002228967625717,576383.8680446305,52.0,BBR
2024-05-30 06:00:10,4669800,4.32603220634e-05,0.0001615606918845,587927.8291887757,53.0,BBR
2024-05-30 06:00:11,5024560,4.25753843765e-05,0.0001406134626961,551057.7893872041,54.0,BBR
2024-05-30 06:00:12,5088272,4.18835085919e-05,0.0001540714903625,546541.2262540823,55.0,BBR
2024-05-30 06:00:13,5479232,4.11842692555e-05,0.0001319393450464,600107.1421271254,56.0,BBR
2024-05-30 06:00:14,4853696,4.05224178529e-05,0.000135277972555,557284.1469184441,57.0,BBR
2024-05-30 06:00:15,4022544,3.99705738666e-05,0.0001415384401431,635772.174489898,58.0,BBR
2024-05-30 06:00:16,3612760,3.95078684273e-05,0.000176208471161,576885.2680443389,59.0,BBR
2024-05-30 06:00:17,3773488,3.90704627801e-05,0.0003102746062773,547162.9115553094,60.0,BBR
2024-05-30 06:00:18,4445360,3.85951151809e-05,0.0002546256447868,623804.9928204857,61.0,BBR
2024-05-30 06:00:19,4019648,3.81172161658e-05,0.0002754254917955,604074.2343106209,62.0,BBR
2024-05-30 06:00:20,3591040,3.76975424737e-05,0.0002587912981383,645691.2570874891,63.0,BBR
2024-05-30 06:00:21,4225264,3.72762553122e-05,0.0002528103082776,514911.1060551559,64.0,BBR
2024-05-30 06:00:22,4439568,3.68200118289e-05,0.0002002614765918,552938.519631259,65.0,BBR
2024-05-30 06:00:23,5228728,3.6324066694e-05,0.0002236404003353,577892.3799016626,66.0,BBR
2024-05-30 06:00:24,5965760,3.57662491592e-05,0.0002323320028506,503764.810351863,67.0,BBR
2024-05-30 06:00:25,6114904,3.51830234074e-05,0.0002347266132832,508360.16963729006,68.0,BBR
2024-05-30 06:00:26,5644304,3.46331504201e-05,0.0002406212226274,571257.3161198191,69.0,BBR
2024-05-30 06:00:27,5870192,3.41112842351e-05,0.0001874879361635,547187.9242422526,70.0,BBR
2024-05-30 06:00:28,5618240,3.36059377805e-05,0.0002553271053089,590262.3862759344,71.0,BBR
2024-05-30 06:00:29,6352376,3.3095279917e-05,0.0002452299532845,574275.5204588771,72.0,BBR
2024-05-30 06:00:30,5702224,3.2596198141e-05,0.0002308241511438,543057.7268845624,73.0,BBR
2024-05-30 06:00:31,7646888,3.20613616492e-05,0.0002612575036915,526472.8567733021,74.0,BBR
2024-05-30 06:00:32,5964312,3.15330257273e-05,0.0002400386233289,536332.1491088684,75.0,BBR
2024-05-30 06:00:33,5580592,3.10985862742e-05,0.0001931555266537,564225.8743791799,76.0,BBR
2024-05-30 06:00:34,6007752,3.06745213983e-05,0.0002241224920662,547189.8120223896,77.0,BBR
2024-05-30 06:00:35,4469976,3.03006504905e-05,0.0002378811866889,655379.0064008405,78.0,BBR
2024-05-30 06:00:36,3631584,3.00178354248e-05,0.0002484873478119,709152.8643745388,79.0,BBR
2024-05-30 06:00:37,3940008,2.97583660409e-05,0.0002573993264296,659045.1383175171,80.0,BBR
2024-05-30 06:00:38,3424520,2.95101829312e-05,0.0001900489633467,668658.9590790604,81.0,BBR
2024-05-30 06:00:39,3840096,2.92694735576e-05,0.0002260624064291,669392.4919432487,82.0,BBR
2024-05-30 06:00:40,5186736,2.89758899026e-05,0.0002532026446457,623919.4166336625,83.0,BBR
2024-05-30 06:00:41,4765368,2.8658758086e-05,0.0002667571682762,632646.8318759026,84.0,BBR
2024-05-30 06:00:42,6161240,2.83186952121e-05,0.000266871426626,545136.5623898265,85.0,BBR
2024-05-30 06:00:43,6174272,2.7944166692e-05,0.0002529114173634,614846.3052930265,86.0,BBR
2024-05-30 06:00:44,5751456,2.75913260341e-05,0.000258371526724,530205.9668455194,87.0,BBR
2024-05-30 06:00:45,7742456,2.7203005254e-05,0.0013658734392528,538990.6139692637,88.0,BBR
2024-05-30 06:00:46,6206128,2.68124517692e-05,0.0008239395478192,520321.9397301344,89.0,BBR
2024-05-30 06:00:47,5211352,2.65010783773e-05,0.0005388445281152,565831.9000382118,90.0,BBR
2024-05-30 06:00:48,4737856,2.62356327667e-05,0.0005018770003402,557744.2386235734,91.0,BBR
2024-05-30 06:00:49,3256552,2.60260946042e-05,0.0005396625813824,583406.6221674001,92.0,BBR
2024-05-30 06:00:50,2370376,2.58806347637e-05,0.000390704740152,599303.8702084535,93.0,BBR
2024-05-30 06:00:51,3150848,2.57395566994e-05,0.0003714792131927,638024.3352532489,94.0,BBR
2024-05-30 06:00:52,4121008,2.5556087446e-05,0.0003537368980095,613075.6411174056,95.0,BBR
2024-05-30 06:00:53,3627240,2.53633635543e-05,0.0003472233282356,713559.4122224292,96.0,BBR
2024-05-30 06:00:54,4171688,2.51723561418e-05,0.000218908467614,610762.9808554605,97.0,BBR
2024-05-30 06:00:55,2390648,2.50137319356e-05,0.0001910947127255,629310.499612778,98.0,BBR
2024-05-30 06:00:56,3237728,2.4879380049e-05,0.000250231524484,525239.3833666514,99.0,BBR
2024-05-30 06:00:57,5175152,2.46812972051e-05,0.0003053823085162,610625.3597136483,100.0,BBR
2024-05-30 06:00:58,4510520,2.44569336073e-05,0.0002956778053345,582702.6986305154,101.0,BBR
2024-05-30 06:00:59,4843560,2.42441555684e-05,0.0003306087827808,578357.3854062753,102.0,BBR
2024-05-30 06:01:04,5799240,2.29583291631e-05,0.0031183172155309,515791.3019125912,107.0,BBR
2024-05-30 06:01:05,4623464,2.27493986747e-05,0.0025027666858692,635101.3779882945,108.0,BBR
2024-05-30 06:01:06,4743648,2.25649160094e-05,0.0014389286568765,594770.9587535502,109.0,BBR
